date,year,price,price_log,USD_balance_ETF_log,short_term_predicted_price_log,predicted_price,btc_premium_rate
2024-01-11,2024,46280.5,10.742475985052192,20.300603704009724,10.611492389678784,40598.74320946441,0.13098359537340798
2024-01-12,2024,42400.5,10.65491543360335,20.57046424668845,10.654801213264975,42395.65727711675,0.00011422033837504841
2024-01-13,2024,42950.5,10.667803568788178,20.57046424668845,10.654801213264975,42395.65727711675,0.013002355523203946
2024-01-14,2024,42341.5,10.65352297155305,20.57046424668845,10.654801213264975,42395.65727711675,-0.001278241711924366
2024-01-15,2024,42655.5,10.660911501229316,20.57046424668845,10.654801213264975,42395.65727711675,0.006110287964341765
2024-01-16,2024,43267.5,10.675157054799154,20.507097899368627,10.655087250726943,42407.785757840014,0.02006980407221093
2024-01-17,2024,42666.5,10.661169347976015,20.953901254018916,10.665879682670983,42867.947565527546,-0.004710334694967955
2024-01-18,2024,41369.5,10.630299173329725,20.84795828090373,10.638306274255035,41702.07948356934,-0.008007100925309985
2024-01-19,2024,41693.5,10.638100520337316,20.885724764644113,10.640958732237609,41812.83932516058,-0.002858211900292673
2024-01-20,2024,41880.0,10.642563664984474,20.885724764644113,10.640958732237609,41812.83932516058,0.0016049327468650176
2024-01-21,2024,41741.5,10.6392511167368,20.885724764644113,10.640958732237609,41812.83932516058,-0.001707615500809112
2024-01-22,2024,39867.5,10.593316734622126,20.808525680897233,10.625994490179265,41191.80015557259,-0.032677755557138255
2024-01-23,2024,39507.5,10.584245806283258,20.706017943536857,10.608707738102106,40485.847116269375,-0.02446193181884837
2024-01-24,2024,39841.5,10.592664361592178,20.530408978237073,10.622680605602504,41055.521215403016,-0.03001624401032643
2024-01-25,2024,39997.5,10.596572231142867,20.42862628392713,10.611492389678784,40598.74320946441,-0.014920158535916883
2024-01-26,2024,41967.5,10.64465078819657,20.448302536902403,10.642882827953947,41893.36867844165,0.0017679602426223795
2024-01-27,2024,42149.5,10.648978100963438,20.448302536902403,10.642882827953947,41893.36867844165,0.006095273009490754
2024-01-28,2024,41797.5,10.6405918081118,20.448302536902403,10.642882827953947,41893.36867844165,-0.0022910198421470795
2024-01-29,2024,43124.5,10.67184656006355,20.737858839249313,10.601860091581251,40209.56137924446,0.06998646848229839
2024-01-30,2024,43411.5,10.678479661946827,20.95596360106543,10.665879682670983,42867.947565527546,0.01259997927584422
2024-01-31,2024,42674.5,10.661356831132375,21.101428262526568,10.6633046830269,42757.70461449848,-0.0019478518945241774
2024-02-01,2024,42947.5,10.667733718500601,21.12746347548761,10.666301820089961,42886.04755034139,0.0014318984106402866
2024-02-02,2024,43132.5,10.67203205225602,21.17948742871836,10.664317357203622,42801.026169425284,0.0077146950523978575
2024-02-03,2024,43050.5,10.67012912419029,21.17948742871836,10.664317357203622,42801.026169425284,0.0058117669866675215
2024-02-04,2024,42533.5,10.658047279712337,21.17948742871836,10.664317357203622,42801.026169425284,-0.006270077491285164
2024-02-05,2024,42466.5,10.656470808797607,21.22173543850282,10.662544918652188,42725.23117143261,-0.006074109854580456
2024-02-06,2024,43176.5,10.673051644739115,21.2419405756558,10.669785580858314,43035.71282794942,0.0032660638808010845
2024-02-07,2024,44152.5,10.695404829570526,21.325284084095255,10.686467505089674,43759.652896785774,0.008937324480852382
2024-02-08,2024,45283.5,10.720698006709608,21.525626102479674,10.720374053194591,45268.83262690459,0.0003239535150161288
2024-02-09,2024,47227.5,10.762731629031007,21.742943137526378,10.777289470147407,47920.05929423568,-0.014557841116399572
2024-02-10,2024,47803.5,10.774854137556288,21.742943137526378,10.777289470147407,47920.05929423568,-0.002435332591119277
2024-02-11,2024,48225.5,10.783643205786538,21.742943137526378,10.777289470147407,47920.05929423568,0.006353735639130775
2024-02-12,2024,49998.5,10.819748283960275,21.906739971795,10.806549271113358,49342.90527555267,0.013199012846916602
2024-02-13,2024,49540.5,10.810545795846677,22.08475507914733,10.842985494949511,51173.92965638804,-0.032439699102834396
2024-02-14,2024,51761.5,10.854401908662137,22.16822996923018,10.853370184074661,51708.12392720342,0.0010317245874755798
2024-02-15,2024,51572.5,10.850743863667162,22.274883940396418,10.85280617097917,51678.96809107476,-0.0020623073120074054
2024-02-16,2024,51974.5,10.858508492670321,22.3425352612938,10.857278209971273,51910.59598991774,0.001230282699047791
2024-02-17,2024,51705.5,10.853319437816976,22.3425352612938,10.857278209971273,51910.59598991774,-0.003958772154296852
2024-02-18,2024,52124.5,10.861390366728957,22.3425352612938,10.857278209971273,51910.59598991774,0.004112156757683394
2024-02-19,2024,51893.5,10.856948820462906,22.3425352612938,10.857278209971273,51910.59598991774,-0.0003293895083675835
2024-02-20,2024,52195.0,10.8627419838424,22.369035678627903,10.858512451323161,51974.70574940929,0.004229532519238077
2024-02-21,2024,51407.5,10.847539355195673,22.36214603998047,10.852735452437402,51675.31355903443,-0.005196097241729092
2024-02-22,2024,51469.5,10.848744678202879,22.409812927691934,10.852265765921443,51651.0480600827,-0.0035210877185640754
2024-02-23,2024,50789.5,10.835444919289264,22.45196125303006,10.848947594608694,51479.94506565082,-0.013502675319429613
2024-02-24,2024,51642.5,10.852100255872408,22.45196125303006,10.848947594608694,51479.94506565082,0.0031526612637140516
2024-02-25,2024,51849.5,10.856100570409634,22.45196125303006,10.848947594608694,51479.94506565082,0.007152975800940098
2024-02-26,2024,54515.0,10.906231172140481,22.54023810864587,10.857618512306528,51928.2642930695,0.04861265983395313
2024-02-27,2024,56810.5,10.947476446779824,22.629855839333665,10.980242776383445,58702.804199276565,-0.03276632960362136
2024-02-28,2024,61108.5,11.020406251686872,22.725218698313046,11.028085323857875,61579.5629300735,-0.007679072171002943
2024-02-29,2024,61101.5,11.020291694776509,22.737608700630112,11.023421971708187,61293.06428414836,-0.003130276931678111
2024-03-01,2024,62296.5,11.039660523422121,22.718809332008384,11.039611622862187,62293.4537407506,4.890055993378439e-05
2024-03-02,2024,61799.0,11.031642462085092,22.718809332008384,11.039611622862187,62293.4537407506,-0.007969160777095752
2024-03-03,2024,62970.5,11.050421641740291,22.718809332008384,11.039611622862187,62293.4537407506,0.010810018878103733
2024-03-04,2024,67709.5,11.122981774018813,22.792518144237903,11.091840324567688,65633.42184706952,0.03114144945112507
2024-03-05,2024,62888.5,11.049118596084398,22.871206795050938,11.072770677694766,64393.67401550922,-0.02365208161036847
2024-03-06,2024,66151.5,11.099702845022973,22.90922722200392,11.072356192599283,64366.98932797106,0.027346652423689832
2024-03-07,2024,67129.5,11.11437886867029,22.960960346836345,11.12209788673262,67649.67887525601,-0.0077190180623301075
2024-03-08,2024,68183.5,11.129957879076573,22.98447669963275,11.13319578604426,68404.62963513017,-0.0032379069676871097
2024-03-09,2024,68225.5,11.130573674241512,22.98447669963275,11.13319578604426,68404.62963513017,-0.0026221118027471846
2024-03-10,2024,68670.5,11.137074982788157,22.98447669963275,11.13319578604426,68404.62963513017,0.0038791967438971398
2024-03-11,2024,72376.5,11.18963694004913,23.03581116173471,11.169194659368598,70911.97934345774,0.02044228068053222
2024-03-12,2024,70934.5,11.169512195014681,23.134265776377458,11.10155767705237,66274.31378525318,0.06795451796231156
2024-03-13,2024,72786.5,11.195285777428296,23.19380307276711,11.130426691832088,68215.47278855571,0.06485908559620768
2024-03-14,2024,71563.5,11.17834044643219,23.20495899566491,11.065330145777322,63916.328881777365,0.11301030065486728
2024-03-15,2024,68943.5,11.141042607566616,23.221442384232738,11.126532433412565,67950.34069082516,0.014510174154050759
2024-03-16,2024,66601.5,11.106482378797375,23.221442384232738,11.126532433412565,67950.34069082516,-0.02005005461519005
2024-03-17,2024,68506.5,11.134683910259445,23.221442384232738,11.126532433412565,67950.34069082516,0.008151476846880001
2024-03-18,2024,67497.5,11.119845839137696,23.208672361776063,11.10194133765056,66299.74550638742,0.01790450148713596
2024-03-19,2024,62848.5,11.04848234738514,23.181126690912215,11.024047348757554,61331.40754808603,0.024434998627585358
2024-03-20,2024,67430.5,11.118852716798274,23.158483168447045,11.115006090110283,67171.61826901583,0.0038466266879915167
2024-03-21,2024,65582.5,11.091064171050506,23.150216696250656,11.101989379473245,66302.93074351682,-0.010925208422738919
2024-03-22,2024,63091.5,11.052341332640946,23.14564971039531,11.059744239719665,63560.29358870449,-0.007402907078718712
2024-03-23,2024,64859.5,11.079978670920093,23.14564971039531,11.059744239719665,63560.29358870449,0.02023443120042856
2024-03-24,2024,66974.5,11.112067228912752,23.14564971039531,11.059744239719665,63560.29358870449,0.052322989193086755
2024-03-25,2024,70309.5,11.16066220380396,23.147014910422957,11.101989379473245,66302.93074351682,0.0586728243307153
2024-03-26,2024,70092.5,11.157571077284576,23.183375910406664,11.105834456237007,66558.36136235308,0.05173662104756893
2024-03-27,2024,69422.5,11.147966301443798,23.203963641960357,11.065330145777322,63916.328881777365,0.08263615566647609
2024-03-28,2024,70823.5,11.167946145512209,23.21914539688534,11.149372861716538,69520.21563588982,0.018573283795671358
2024-03-29,2024,69746.5,11.152622519213123,23.21914539688534,11.149372861716538,69520.21563588982,0.0032496574965854563
2024-03-30,2024,69793.5,11.15329616120506,23.21914539688534,11.149372861716538,69520.21563588982,0.003923299488521437
2024-03-31,2024,71074.5,11.171483901672085,23.21914539688534,11.149372861716538,69520.21563588982,0.022111039955547085
2024-04-01,2024,69829.5,11.153811835568133,23.21205660045571,11.125919439177617,67908.70028768631,0.02789239639051644
2024-04-02,2024,65882.5,11.095628131355427,23.21533014282101,11.106392121837084,66595.48902232957,-0.010763990481656549
2024-04-03,2024,66205.5,11.100518820045014,23.224677198219343,11.109889063231186,66828.77720437024,-0.009370243186172189
2024-04-04,2024,67847.5,11.125017818600398,23.242018203518022,11.099055261820554,66108.67526757052,0.025962556779843382
2024-04-05,2024,67817.0,11.12456817996223,23.258239613018347,11.134210617260173,68474.08402487749,-0.009642437297943118
2024-04-06,2024,68774.5,11.138588315682743,23.258239613018347,11.134210617260173,68474.08402487749,0.004377698422569409
2024-04-07,2024,69231.5,11.145211240344757,23.258239613018347,11.134210617260173,68474.08402487749,0.01100062308458405
2024-04-08,2024,71715.5,11.18046218174612,23.240341148935144,11.153408026922744,69801.30793667928,0.02705415482337692
2024-04-09,2024,69399.5,11.14763494185799,23.238774434031306,11.137744768679925,68716.50993876458,0.009890173178066064
2024-04-10,2024,70791.5,11.167494215977278,23.248722444255957,11.069994964759902,64215.18349544312,0.09749925121737668
2024-04-11,2024,70202.5,11.159139201915403,23.256001872043296,11.150756096758382,69616.44497282614,0.00838310515702112
2024-04-12,2024,66970.5,11.11200750290579,23.25161504457725,11.096746524322873,65956.22374305113,0.015260978582917417
2024-04-13,2024,64127.5,11.068628568067899,23.25161504457725,11.096746524322873,65956.22374305113,-0.02811795625497382
2024-04-14,2024,65074.0,11.08328036286033,23.25161504457725,11.096746524322873,65956.22374305113,-0.013466161462542203
2024-04-15,2024,63347.5,11.056390721671457,23.24868243257254,11.069994964759902,64215.18349544312,-0.013604243088444434
2024-04-16,2024,63817.0,11.06377489151959,23.244030179473583,11.078602424919715,64770.298768037166,-0.014827533400126214
2024-04-17,2024,61613.5,11.028636281354633,23.23067571249567,11.046140479435401,62701.48931914988,-0.01750419808076842
2024-04-18,2024,63498.5,11.058771562554535,23.230325291375543,11.056687827855367,63366.32373017008,0.002083734699168005
2024-04-19,2024,64231.5,11.070249023552245,23.235179492220936,11.078460060178053,64761.078417527606,-0.008211036625807466
2024-04-20,2024,64679.5,11.07719958329629,23.235179492220936,11.078460060178053,64761.078417527606,-0.0012604768817627843
2024-04-21,2024,65107.5,11.083795028934073,23.235179492220936,11.078460060178053,64761.078417527606,0.005334968756020686
2024-04-22,2024,66824.5,11.109825058749424,23.2402120281667,11.13181915353224,68310.5263856595,-0.021994094782815665
2024-04-23,2024,66471.5,11.104528563352392,23.24275908149227,11.101912799104094,66297.85343501819,0.002615764248298902
2024-04-24,2024,64097.5,11.068160640588118,23.233003301156582,11.07163691800281,64320.70843402692,-0.0034762774146912534
2024-04-25,2024,64680.5,11.077215044026037,23.215156375842092,11.106392121837084,66595.48902232957,-0.02917707781104717
2024-04-26,2024,63900.5,11.065082465061147,23.208214152533046,11.062715644755647,63749.437838083264,0.0023668203055002834
2024-04-27,2024,63374.0,11.05680896167629,23.208214152533046,11.062715644755647,63749.437838083264,-0.0059066830793561564
2024-04-28,2024,63247.0,11.05480297463485,23.208214152533046,11.062715644755647,63749.437838083264,-0.007912670120797216
2024-04-29,2024,63916.5,11.065332822996064,23.203905060877844,11.065330145777322,63916.328881777365,2.677218741808929e-06
2024-04-30,2024,60688.5,11.0135095027558,23.19028851763585,11.026505516057533,61482.35586067557,-0.01299601330173239
2024-05-01,2024,58157.5,10.970910126414198,23.14128454119278,10.993874714188484,59508.51640738929,-0.022964587774286116
2024-05-02,2024,59477.5,10.993353368755999,23.13821486431061,11.009472351426245,60443.985245173775,-0.01611898267024614
2024-05-03,2024,62976.0,11.050508980411925,23.17146527874543,11.057892689159107,63442.71737422399,-0.007383708747182638
2024-05-04,2024,63783.5,11.063249815195128,23.17146527874543,11.057892689159107,63442.71737422399,0.005357126036020787
2024-05-05,2024,63967.5,11.066130420861374,23.17146527874543,11.057892689159107,63442.71737422399,0.00823773170226616
2024-05-06,2024,63572.5,11.059936265883623,23.190050945620715,11.04461195367737,62605.721687950056,0.01532431220625341
2024-05-07,2024,63038.5,11.051500929832425,23.188717798900274,11.04745279850923,62783.82769483455,0.004048131323195037
2024-05-08,2024,61392.0,11.025034812486734,23.189694481738613,11.034240494545411,61959.76455335236,-0.009205682058677667
2024-05-09,2024,63328.5,11.056090743772842,23.188734792841935,11.046735846863953,62738.83085847732,0.009354896908888577
2024-05-10,2024,60896.0,11.016922770095876,23.181511897280586,11.024047348757554,61331.40754808603,-0.007124578661677816
2024-05-11,2024,61031.5,11.01914540331286,23.181511897280586,11.024047348757554,61331.40754808603,-0.004901945444693467
2024-05-12,2024,61479.5,11.026459064893372,23.181511897280586,11.024047348757554,61331.40754808603,0.0024117161358176986
2024-05-13,2024,62903.5,11.049357085019642,23.18714460912554,11.048403617516456,62843.55214062281,0.0009534675031854789
2024-05-14,2024,61828.5,11.032119702190405,23.19566121279734,11.130426691832088,68215.47278855571,-0.09830698964168327
2024-05-15,2024,66217.5,11.100700057443847,23.220907715036276,11.112472481816447,67001.64711094977,-0.011772424372599843
2024-05-16,2024,65529.5,11.090255701911346,23.2418570704298,11.099055261820554,66108.67526757052,-0.008799559909208554
2024-05-17,2024,66901.5,11.110976667389625,23.25954661118846,11.11042814685063,66864.8132158076,0.0005485205389952341
2024-05-18,2024,67016.5,11.112694136710672,23.25954661118846,11.11042814685063,66864.8132158076,0.002265989860042339
2024-05-19,2024,66389.5,11.103294190430137,23.25954661118846,11.11042814685063,66864.8132158076,-0.0071339564204926376
2024-05-20,2024,69687.5,11.151776240636575,23.27814931841816,11.1364306029316,68626.26436686651,0.01534563770497499
2024-05-21,2024,70103.0,11.157720868112664,23.301624881317863,11.13194007997485,68318.7874340877,0.025780788137813815
2024-05-22,2024,69151.5,11.144055028831607,23.31324546105619,11.129182651598626,68130.66276034364,0.014872377232981293
2024-05-23,2024,67665.5,11.12233172782787,23.321307700946136,11.129182651598626,68130.66276034364,-0.006850923770755912
2024-05-24,2024,68814.5,11.139169757529501,23.33988034272618,11.139738925912427,68853.67818612157,-0.0005691683829258665
2024-05-25,2024,69183.0,11.144510446685352,23.33988034272618,11.139738925912427,68853.67818612157,0.004771520772925086
2024-05-26,2024,68661.5,11.136943913554287,23.33988034272618,11.139738925912427,68853.67818612157,-0.00279501235814017
2024-05-27,2024,69628.5,11.150929245265946,23.33988034272618,11.139738925912427,68853.67818612157,0.011190319353518774
2024-05-28,2024,68646.5,11.136725426648066,23.343162190506153,11.134170874973975,68471.36276230798,0.0025545516740912433
2024-05-29,2024,67740.5,11.123439507507793,23.345220605090518,11.128723648126464,68099.39772550462,-0.005284140618670108
2024-05-30,2024,68366.5,11.132638217554188,23.348760175044056,11.124446329498712,67808.73697055281,0.008191888055476326
2024-05-31,2024,67610.5,11.121518575413095,23.352287260618485,11.124595650888086,67818.86302136813,-0.00307707547499092
2024-06-01,2024,67808.5,11.124442834802048,23.352287260618485,11.124595650888086,67818.86302136813,-0.00015281608603778807
2024-06-02,2024,67911.5,11.125960665921623,23.352287260618485,11.124595650888086,67818.86302136813,0.0013650150335369204
2024-06-03,2024,69117.5,11.143563233842343,23.35984151838993,11.135051828442732,68531.70942424171,0.00851140539961115
2024-06-04,2024,70569.5,11.164353318806109,23.421393640138657,11.130631804894342,68229.46610812972,0.033721513911766365
2024-06-05,2024,71211.5,11.173409601211556,23.45372963288552,11.147386496967776,69382.26019050147,0.026023104243780182
2024-06-06,2024,70821.5,11.16791790589909,23.46782152986093,11.130090481419343,68192.54189131303,0.03782742447974741
2024-06-07,2024,69443.5,11.148268751289839,23.4762065449368,11.142032660475964,69011.79151328307,0.006236090813874995
2024-06-08,2024,69344.5,11.146842114739256,23.4762065449368,11.142032660475964,69011.79151328307,0.0048094542632917126
2024-06-09,2024,69640.5,11.151101573638085,23.4762065449368,11.142032660475964,69011.79151328307,0.009068913162121106
2024-06-10,2024,69418.5,11.147908681576451,23.472061229619605,11.14710321105623,69362.60795741006,0.0008054705202216184
2024-06-11,2024,67361.5,11.117828917076823,23.45915167364302,11.068805874691682,64138.871238584856,0.04902304238514077
2024-06-12,2024,68268.5,11.131203738587528,23.46566593364759,11.02320337742722,61279.6674351236,0.10800036116030753
2024-06-13,2024,66981.5,11.112171740842136,23.450987937846087,11.124116110027385,67786.34890197062,-0.011944369185249215
2024-06-14,2024,65992.5,11.097296378187826,23.43849686078451,11.094787923043715,65827.16822426765,0.0025084551441114655
2024-06-15,2024,66139.5,11.099521426785406,23.43849686078451,11.094787923043715,65827.16822426765,0.004733503741691791
2024-06-16,2024,66694.5,11.10787776973319,23.43849686078451,11.094787923043715,65827.16822426765,0.013089846689474882
2024-06-17,2024,66678.5,11.107637841110803,23.42879285750418,11.025606001642506,61427.07646134471,0.0820318394682964
2024-06-18,2024,65368.0,11.087788121064543,23.418554960746008,11.086903457792243,65310.19690312453,0.0008846632723003012
2024-06-19,2024,65021.5,11.082473263416462,23.418554960746008,11.086903457792243,65310.19690312453,-0.004430194375780516
2024-06-20,2024,65120.5,11.083994678779623,23.409063612445483,11.04723668686874,62770.26084486504,0.0367579919108838
2024-06-21,2024,64277.5,11.070964926749136,23.401818567259596,11.066347746420464,63981.40328341575,0.004617180328672532
2024-06-22,2024,64396.5,11.072814562789462,23.401818567259596,11.066347746420464,63981.40328341575,0.006466816368998707
2024-06-23,2024,63784.0,11.063257654182332,23.401818567259596,11.066347746420464,63981.40328341575,-0.0030900922381320584
2024-06-24,2024,60189.5,11.005253197479567,23.389764610890385,11.015973744648194,60838.23556063491,-0.010720547168627803
2024-06-25,2024,61986.5,11.034671898382527,23.391916642265883,11.027447038000348,61540.270107303135,0.007224860382178733
2024-06-26,2024,60953.5,11.017866557378845,23.39339954070271,11.029845868733647,61688.07200356183,-0.01197931135480168
2024-06-27,2024,61748.5,11.030824962697205,23.394216274091594,11.029845868733647,61688.07200356183,0.0009790939635578866
2024-06-28,2024,60446.5,11.009513955276564,23.399254172422708,11.027950227166539,61571.2442967903,-0.018436271889974876
2024-06-29,2024,61012.5,11.018834040195403,23.399254172422708,11.027950227166539,61571.2442967903,-0.009116186971136031
2024-06-30,2024,62917.5,11.04957962338856,23.399254172422708,11.027950227166539,61571.2442967903,0.021629396222021313
2024-07-01,2024,63029.5,11.051358149745246,23.408129291073283,11.047874432978292,62810.30510219185,0.003483716766954359
2024-07-02,2024,62112.5,11.036702535910576,23.40719409592821,10.99866380890884,59794.19184649357,0.038038727001735495
2024-07-03,2024,60435.5,11.009331959610869,23.405793080817535,10.99866380890884,59794.19184649357,0.010668150702027646
2024-07-04,2024,58285.5,10.97310862785364,23.405793080817535,10.99866380890884,59794.19184649357,-0.025555181055201714
2024-07-05,2024,56754.5,10.94649022735414,23.415532124892813,11.004947885684928,60171.126240741956,-0.058457658330787865
2024-07-06,2024,58131.5,10.970462964594367,23.415532124892813,11.004947885684928,60171.126240741956,-0.034484921090561116
2024-07-07,2024,56701.5,10.945555944392371,23.415532124892813,11.004947885684928,60171.126240741956,-0.05939194129255654
2024-07-08,2024,56815.5,10.947564454806212,23.43530141918987,11.013264588493477,60673.63834078143,-0.06570013368726535
2024-07-09,2024,58302.5,10.973400253065847,23.449568444765706,11.124012626412302,67779.33448847763,-0.15061237334645483
2024-07-10,2024,57894.5,10.9663776676847,23.459171124417974,11.01125439992267,60551.795391121086,-0.044876732237970174
2024-07-11,2024,57406.5,10.957912816314565,23.46427358873999,11.015606216446283,60815.87990173105,-0.05769340013171842
2024-07-12,2024,57914.5,10.966723063987212,23.484079251575505,10.994567470368567,59549.75558259555,-0.027844406381355213
2024-07-13,2024,59092.5,10.986859291787953,23.484079251575505,10.994567470368567,59549.75558259555,-0.007708178580614344
2024-07-14,2024,60929.5,11.017472737070678,23.484079251575505,10.994567470368567,59549.75558259555,0.022905266702110794
2024-07-15,2024,64613.0,11.076170907915058,23.502929472858153,11.043796361796192,62554.681786320034,0.032374546118866476
2024-07-16,2024,64711.5,11.07769420812572,23.5288117067193,11.068322462812985,64107.87323934606,0.009371745312735769
2024-07-17,2024,64361.5,11.072270907236222,23.532029774129466,11.06523865506787,63910.4813990016,0.007032252168352571
2024-07-18,2024,64112.5,11.068394631697524,23.534269659459003,11.063959484140101,63828.78123459423,0.004435147557423136
2024-07-19,2024,66883.5,11.110707578925169,23.559638889743532,11.07859362638295,64769.72888668924,0.03211395254221827
2024-07-20,2024,67128.5,11.114363971978845,23.559638889743532,11.07859362638295,64769.72888668924,0.035770345595894426
2024-07-21,2024,68101.5,11.128754518326744,23.559638889743532,11.07859362638295,64769.72888668924,0.05016089194379347
2024-07-22,2024,67812.5,11.124501822716915,23.58773271998135,11.106012331248644,66570.2014846547,0.01848949146827117
2024-07-23,2024,66015.5,11.097644841920822,23.583275748024807,11.07497178455918,64535.567477458164,0.022673057361641824
2024-07-24,2024,65463.5,11.089248014392396,23.5858209408458,11.051129962805694,63015.119132119056,0.038118051586701895
2024-07-25,2024,65818.5,11.094656232811941,23.587595878175964,11.093477183488572,65740.94247316933,0.0011790493233689858
2024-07-26,2024,68087.5,11.12854892169193,23.590545228951974,11.123601141341778,67751.45004165581,0.004947780350152087
2024-07-27,2024,68781.5,11.13869009241376,23.590545228951974,11.123601141341778,67751.45004165581,0.015088951071982493
2024-07-28,2024,68194.5,11.130119195418267,23.590545228951974,11.123601141341778,67751.45004165581,0.006518054076488866
2024-07-29,2024,67340.5,11.117517117694925,23.597575961295224,11.100911513544387,66231.503574856,0.0166056041505378
2024-07-30,2024,66263.5,11.101394496674358,23.596542299413937,11.092338639550105,65666.13611485116,0.009055857124252498
2024-07-31,2024,65030.5,11.082611669592673,23.596559253307824,11.083322882550888,65076.76698516864,-0.0007112129582154125
2024-08-01,2024,65468.5,11.089324389915605,23.599414705150664,11.090523768619532,65547.06863203151,-0.0011993787039266124
2024-08-02,2024,61588.5,11.02823044378149,23.58594660271273,11.012097944557476,60602.8950826564,0.01613249922401394
2024-08-03,2024,60696.5,11.013641314759122,23.58594660271273,11.012097944557476,60602.8950826564,0.001543370201645189
2024-08-04,2024,58867.5,10.983044434669079,23.58594660271273,11.012097944557476,60602.8950826564,-0.0290535098883975
2024-08-05,2024,54938.5,10.913969656764714,23.576281808298805,10.948898539957291,56891.34729702813,-0.03492888319257759
2024-08-06,2024,56274.5,10.937996780795435,23.567675095724134,10.937454332839245,56243.9822903723,0.0005424479561906281
2024-08-07,2024,55210.5,10.918908431567457,23.570295065330072,10.936745316572416,56204.11852571599,-0.017836885004959058
2024-08-08,2024,61569.5,11.027921897034211,23.581521804068196,11.000430957664717,59899.95049633492,0.027490939369494427
2024-08-09,2024,60769.5,11.0148432973516,23.57636254321728,11.003159005746252,60063.58353929181,0.011684291605348562
2024-08-10,2024,61045.5,11.01937476674842,23.57636254321728,11.003159005746252,60063.58353929181,0.016215761002168705
2024-08-11,2024,59125.5,10.987417582418097,23.57636254321728,11.003159005746252,60063.58353929181,-0.01574142332815498
2024-08-12,2024,59137.5,10.987620519939403,23.57796435971968,10.991011405765743,59338.36887980629,-0.00339088582633984
2024-08-13,2024,60749.5,11.01451413071625,23.580207196524533,11.00588459836883,60227.515704136,0.008629532347420366
2024-08-14,2024,59002.5,10.985335094871507,23.575520272729445,10.978035902408953,58573.39735328052,0.0072991924625540605
2024-08-15,2024,57685.5,10.962761121088409,23.57616069369829,10.958708578823195,57452.20012126172,0.004052542265213788
2024-08-16,2024,59198.5,10.988651482713252,23.578229161263984,10.993878731742411,59508.75548654332,-0.0052272490291596085
2024-08-17,2024,59428.5,10.992529188264287,23.578229161263984,10.993878731742411,59508.75548654332,-0.0013495434781241045
2024-08-18,2024,59508.5,10.993874438473469,23.578229161263984,10.993878731742411,59508.75548654332,-4.293268942134887e-06
2024-08-19,2024,59316.5,10.990642792488254,23.58179713604573,11.005418800336988,60199.46837855994,-0.014776007848734451
2024-08-20,2024,59505.5,10.993824024236478,23.58683150042207,11.066010127298497,63959.8055843203,-0.07218610306201967
2024-08-21,2024,61398.5,11.02514068386939,23.589083028278967,11.067284855867376,64041.38896304306,-0.042144171997986035
2024-08-22,2024,60553.5,11.01128255077889,23.592765729448356,11.016139031309308,60848.29214054512,-0.0048564805304174286
2024-08-23,2024,64594.5,11.07588454682725,23.606959792311546,11.063911106997331,63825.69345522118,0.011973439829919386
2024-08-24,2024,64035.5,11.067192896059563,23.606959792311546,11.063911106997331,63825.69345522118,0.0032817890622318657
2024-08-25,2024,64529.5,11.074877762565759,23.606959792311546,11.063911106997331,63825.69345522118,0.010966655568427797
2024-08-26,2024,63069.5,11.05199257192689,23.618227047176383,11.025633990545382,61428.79576188226,0.026358581381508372
2024-08-27,2024,59472.0,10.993260892537034,23.611173450219283,11.024656013637662,61368.74918502678,-0.03139512110062803
2024-08-28,2024,59149.5,10.98782341628543,23.605291753884565,11.007831531954903,60344.88889909804,-0.020008115669472915
2024-08-29,2024,59392.5,10.991923234752678,23.60126132377452,11.023935529467359,61324.549897043304,-0.03201229471468103
2024-08-30,2024,59342.5,10.991081023055107,23.591335179010244,10.986510987572867,59071.92141718165,0.004570035482240442
2024-08-31,2024,59198.5,10.988651482713252,23.591335179010244,10.986510987572867,59071.92141718165,0.002140495140384502
2024-09-01,2024,57889.5,10.966291299965444,23.591335179010244,10.986510987572867,59071.92141718165,-0.020219687607422543
2024-09-02,2024,59424.5,10.99246187822581,23.591335179010244,10.986510987572867,59071.92141718165,0.005950890652943741
2024-09-03,2024,58062.5,10.969275295556194,23.57485056541269,10.979344095487933,58650.07280852538,-0.010068799931739036
2024-09-04,2024,58237.5,10.972284756125052,23.5726998528831,10.9814880790355,58775.95249345832,-0.009203322910448009
2024-09-05,2024,56204.5,10.936752103850635,23.560406752105305,10.992384890308083,59419.92520758705,-0.055632786457447736
2024-09-06,2024,53968.5,10.896155822007994,23.550396010097078,10.906137923366886,54509.91678011311,-0.009982101358891882
2024-09-07,2024,54112.5,10.898820491750236,23.550396010097078,10.906137923366886,54509.91678011311,-0.007317431616650438
2024-09-08,2024,54965.5,10.914460994669488,23.550396010097078,10.906137923366886,54509.91678011311,0.008323071302601903
2024-09-09,2024,57337.5,10.956710138905427,23.55208719740588,10.934855789601023,56098.01959781842,0.021854349304403442
2024-09-10,2024,57651.5,10.962171544439373,23.558976061201214,10.979126300308305,58637.300496307354,-0.016954755868932025
2024-09-11,2024,57454.5,10.95874860919107,23.55639682467026,10.965362450196942,57835.75431602345,-0.006613841005870924
2024-09-12,2024,58282.5,10.973057155751507,23.55868850335756,10.98424253762501,58938.07159333372,-0.01118538187350282
2024-09-13,2024,60681.5,11.013394152998732,23.574018580155546,11.00286766410208,60046.08706495821,0.010526488896651642
2024-09-14,2024,60198.5,11.005402714042958,23.574018580155546,11.00286766410208,60046.08706495821,0.0025350499408780536
2024-09-15,2024,59602.5,10.995452798482445,23.574018580155546,11.00286766410208,60046.08706495821,-0.007414865619635336
2024-09-16,2024,58039.5,10.968879092212568,23.57475815678166,10.984556693597737,58956.59024926669,-0.015677601385169382
2024-09-17,2024,60418.5,11.009050628416002,23.585489574757514,11.024689731081171,61370.81841724508,-0.01563910266516899
2024-09-18,2024,60720.5,11.014036646554713,23.58247367175019,11.015588593693835,60814.80816797809,-0.0015519471391218786
2024-09-19,2024,62981.0,11.050588372585487,23.591505589985125,11.023419222058628,61292.895749932904,0.027169150526859198
2024-09-20,2024,63247.5,11.054810880116907,23.596717475791568,11.065844938717955,63949.24102742016,-0.011034058601048002
2024-09-21,2024,63211.5,11.054241525607184,23.596717475791568,11.065844938717955,63949.24102742016,-0.011603413110771399
2024-09-22,2024,63711.5,11.06212035901796,23.596717475791568,11.065844938717955,63949.24102742016,-0.0037245796999947345
2024-09-23,2024,63414.5,11.05744782090055,23.5969717094902,11.059550157341974,63547.95885281421,-0.002102336441424768
2024-09-24,2024,64376.5,11.072503938665447,23.604624879845804,11.047631377473513,62795.04056691974,0.02487256119193404
2024-09-25,2024,63273.5,11.055221879087291,23.610543925489647,11.041385480006229,62404.05149200092,0.013836399081062822
2024-09-26,2024,65226.5,11.085621107057475,23.630718657114365,11.063890535558151,63824.38048235509,0.021730571499324114
2024-09-27,2024,66064.5,11.098386816515735,23.657362039842,11.092381671437138,65668.96191340165,0.006005145078596286
2024-09-28,2024,65867.5,11.095400427369624,23.657362039842,11.092381671437138,65668.96191340165,0.003018755932485462
2024-09-29,2024,65863.5,11.095339697548985,23.657362039842,11.092381671437138,65668.96191340165,0.002958026111846479
2024-09-30,2024,63715.5,11.062183140061245,23.66061659603657,11.057986552231327,63448.672582069375,0.004196587829918386
2024-10-01,2024,60791.5,11.01520525554938,23.64767395224637,11.01474392997417,60763.461794162555,0.00046132557521083584
2024-10-02,2024,60881.5,11.016684630865418,23.642737823778535,11.016866971476006,60892.602182042036,-0.00018234061058741702
2024-10-03,2024,60954.5,11.017882963193067,23.63980878858963,11.026115942321976,61458.408614544016,-0.00823297912890908
2024-10-04,2024,62344.5,11.0404307355092,23.641193313502388,11.039846697427498,62308.09906861499,0.0005840380817030422
2024-10-05,2024,62064.5,11.03592944584735,23.641193313502388,11.039846697427498,62308.09906861499,-0.003917251580148218
2024-10-06,2024,62643.5,11.045215203944101,23.641193313502388,11.039846697427498,62308.09906861499,0.005368506516603588
2024-10-07,2024,63121.5,11.052816719495945,23.653824721210018,11.047448509237551,62783.55839851805,0.005368210258394512
2024-10-08,2024,62246.5,11.038857587846676,23.652831598237444,11.042004447894344,62442.689552588585,-0.0031468600476678432
2024-10-09,2024,60794.0,11.015246378874124,23.65066038150359,11.02152782786507,61177.076287461954,-0.006281448990945293
2024-10-10,2024,60228.5,11.00590094119502,23.644172188374572,11.012958066118234,60655.0433630765,-0.0070571249232145306
2024-10-11,2024,62551.5,11.04374549642287,23.65774485363435,11.052530729239129,63103.45044712549,-0.008785232816258315
2024-10-12,2024,63398.5,11.057195480839438,23.65774485363435,11.052530729239129,63103.45044712549,0.004664751600309103
2024-10-13,2024,62945.5,11.050024551611498,23.65774485363435,11.052530729239129,63103.45044712549,-0.0025061776276302794
2024-10-14,2024,66255.5,11.101273759270518,23.686867403746017,11.084684191554883,65165.41690029004,0.016589567715634246
2024-10-15,2024,66812.5,11.1096454677674,23.705841946450846,11.102556132918048,66340.51880849274,0.007089334849352369
2024-10-16,2024,67795.5,11.124251100044374,23.728804866690787,11.124466452858007,67810.10152385989,-0.00021535281363327385
2024-10-17,2024,67472.5,11.119475386440268,23.751833093593973,11.12721199318015,67996.53270189087,-0.007736606739882745
2024-10-18,2024,68166.5,11.129708520806119,23.764989122601232,11.137882751014834,68725.99225743391,-0.008174230208714661
2024-10-19,2024,68343.5,11.13230173887352,23.764989122601232,11.137882751014834,68725.99225743391,-0.005581012141313124
2024-10-20,2024,69266.5,11.14571666281649,23.764989122601232,11.137882751014834,68725.99225743391,0.007833911801656157
2024-10-21,2024,67826.5,11.124708253021618,23.778944855551465,11.126514873920405,67949.14752782618,-0.0018066208987868038
2024-10-22,2024,67735.5,11.12336569369572,23.775213023828137,11.125883871037242,67906.28494445674,-0.0025181773415230424
2024-10-23,2024,66519.5,11.105250416742235,23.784266053045485,11.12657282066668,67953.08507392055,-0.02132240392444551
2024-10-24,2024,68230.5,11.130646957937389,23.79303358002587,11.12915723439512,68128.93109143042,0.0014897235422690613
2024-10-25,2024,67133.5,11.114438453217057,23.811527153800053,11.125883807491096,67906.28062927417,-0.011445354274039587
2024-10-26,2024,67140.5,11.114542717631705,23.811527153800053,11.125883807491096,67906.28062927417,-0.011341089859390863
2024-10-27,2024,68209.5,11.130339130318424,23.811527153800053,11.125883807491096,67906.28062927417,0.004455322827327635
2024-10-28,2024,69846.5,11.154055256056749,23.83314342655944,11.14530394480895,69237.91836661375,0.008751311247799265
2024-10-29,2024,72831.5,11.195903832908147,23.871221219470325,11.179529089727446,71648.61404956093,0.016374743180701756
2024-10-30,2024,72494.5,11.191265975896128,23.90886198569975,11.178060496754956,71543.46862529252,0.013205479141172205
2024-10-31,2024,70493.5,11.16327578596825,23.91019681523196,11.169239423638121,70915.15373746268,-0.005963637669871957
2024-11-01,2024,69454.5,11.14842714089981,23.907926957663534,11.153043318475305,69775.85545168276,-0.0046161775754942624
2024-11-02,2024,69470.5,11.1486574810124,23.907926957663534,11.153043318475305,69775.85545168276,-0.004385837462905329
2024-11-03,2024,69028.5,11.142274741778682,23.907926957663534,11.153043318475305,69775.85545168276,-0.010768576696623455
2024-11-04,2024,67911.5,11.125960665921623,23.8852749701255,11.154349549612302,69867.05839978182,-0.02838888369067938
2024-11-05,2024,69434.5,11.14813914112822,23.8803173206226,11.154349549612302,69867.05839978182,-0.006210408484081498
2024-11-06,2024,75835.5,11.236321799725449,23.906435724593322,11.209258299147473,73810.6492639125,0.027063500577975574
2024-11-07,2024,75741.5,11.235081505854343,23.961822713093277,11.24765863086056,76700.12605695336,-0.012577125006217216
2024-11-08,2024,76451.5,11.244411831831828,23.97326428918767,11.265423530446085,78074.8710432235,-0.021011698614257668
2024-11-09,2024,76474.5,11.244712630913389,23.97326428918767,11.265423530446085,78074.8710432235,-0.02071089953269656
2024-11-10,2024,80418.5,11.294999528200716,23.97326428918767,11.265423530446085,78074.8710432235,0.02957599775463038
2024-11-11,2024,87260.5,11.376653176663476,24.015555678951525,11.412524393790251,90447.45865905021,-0.035871217126775434
2024-11-12,2024,88391.5,11.389531090156504,24.045488551487722,11.399358258697305,89264.42031053068,-0.009827168540800457
2024-11-13,2024,89744.0,11.404716451748119,24.06372192331938,11.411376904701633,90343.73071187134,-0.006660452953514806
2024-11-14,2024,87987.5,11.384950037916386,24.04942712357433,11.393043532064478,88702.51590179588,-0.008093494148091906
2024-11-15,2024,91237.5,11.421221275759887,24.03604357775342,11.412524393790251,90447.45865905021,0.008696881969635584
2024-11-16,2024,90566.5,11.413839666479637,24.03604357775342,11.412524393790251,90447.45865905021,0.0013152726893856936
2024-11-17,2024,89537.5,11.402412810922707,24.03604357775342,11.412524393790251,90447.45865905021,-0.010111582867544655
2024-11-18,2024,91266.5,11.421539077016234,24.04527930872928,11.412161453441188,90414.63758323924,0.009377623575046456
2024-11-19,2024,91769.5,11.427035277394598,24.07476864558471,11.411376904701633,90343.73071187134,0.01565837269296466
2024-11-20,2024,94112.5,11.452246154158377,24.10150160697122,11.440370188120914,93001.43369770437,0.011875966037463215
2024-11-21,2024,98224.5,11.495010954059925,24.13520861285301,11.485236448452344,97269.08105465907,0.009774505607580863
2024-11-22,2024,98385.0,11.496643632395946,24.15124795013422,11.490172389473814,97750.38236220909,0.006471242922131637
2024-11-23,2024,97531.5,11.487930681730905,24.15124795013422,11.490172389473814,97750.38236220909,-0.002241707742909327
2024-11-24,2024,97515.5,11.487766618709829,24.15124795013422,11.490172389473814,97750.38236220909,-0.0024057707639855153
2024-11-25,2024,93999.0,11.451039422897681,24.137020708922087,11.457517659072344,94609.92444201055,-0.006478236174663365
2024-11-26,2024,92153.5,11.431210943928507,24.13297026420204,11.454612538888636,94335.47009539239,-0.023401594960128946
2024-11-27,2024,96154.5,11.473711551793826,24.13636873255454,11.469147165860807,95716.61385371578,0.0045643859330191106
2024-11-28,2024,95679.5,11.468759343418297,24.13636873255454,11.469147165860807,95716.61385371578,-0.00038782244251045483
2024-11-29,2024,97585.5,11.488484195790456,24.14685399701829,11.48437666282241,97185.48643840587,0.0041075329680460015
2024-11-30,2024,96529.5,11.477603940092376,24.14685399701829,11.48437666282241,97185.48643840587,-0.00677272273003382
2024-12-01,2024,97838.5,11.491073439090627,24.14685399701829,11.48437666282241,97185.48643840587,0.006696776268217519
2024-12-02,2024,95499.5,11.46687629085302,24.158313768983703,11.47543059057985,96319.93546920485,-0.008554299726828418
2024-12-03,2024,95936.5,11.47144179325656,24.17986323552254,11.476789216351504,96450.88715288031,-0.0053474230949444035
2024-12-04,2024,98394.5,11.496740187169257,24.197270583434378,11.489860362702375,97719.88638402188,0.006879824466881956
2024-12-05,2024,96778.5,11.480180141157142,24.220754734926487,11.493475688723883,98073.81503030284,-0.013295547566741561
2024-12-06,2024,100545.0,11.518360667460168,24.232091161708794,11.514487481987384,100156.32376011783,0.0038731854727842574
2024-12-07,2024,99949.5,11.512420337414783,24.232091161708794,11.514487481987384,100156.32376011783,-0.002067144572601265
2024-12-08,2024,100185.0,11.514773755827846,24.232091161708794,11.514487481987384,100156.32376011783,0.0002862738404623144
2024-12-09,2024,97199.5,11.484520846402377,24.246329757258124,11.51425674087813,100133.21624490398,-0.029735894475752644
2024-12-10,2024,96949.5,11.481945503359922,24.259186400769725,11.487423096312305,97482.00699477243,-0.005477592952383148
2024-12-11,2024,101205.0,11.524903441729636,24.265664704054373,11.487423096312305,97482.00699477243,0.037480345417330696
2024-12-12,2024,100355.0,11.516469178593594,24.282810793424193,11.457509909999647,94609.19130566873,0.058959268593946845
2024-12-13,2024,101255.0,11.52539736646555,24.294939901034596,11.497506006326962,98469.88125363276,0.02789136013858773
2024-12-14,2024,101075.0,11.523618094508972,24.294939901034596,11.497506006326962,98469.88125363276,0.026112088182010496
2024-12-15,2024,103175.0,11.544181854620783,24.294939901034596,11.497506006326962,98469.88125363276,0.04667584829382143
2024-12-16,2024,105845.0,11.56973103879168,24.31268400733351,11.324171174018396,82798.99263193773,0.24555986477328418
2024-12-17,2024,105585.0,11.567271594710341,24.326230585234285,11.508491557275885,99557.59075623719,0.058780037434456034
2024-12-18,2024,100925.0,11.522132945721141,24.333702552752925,11.469737849985975,95773.16883945576,0.05239509573516621
2024-12-19,2024,97996.5,11.492687042729225,24.315367284525248,11.451230723583954,94016.98379331011,0.04145631914527037
2024-12-20,2024,97240.5,11.484942570333747,24.307709347853656,11.464821224253274,95303.44369064432,0.020121346080472335
2024-12-21,2024,97384.5,11.486422339389897,24.307709347853656,11.464821224253274,95303.44369064432,0.02160111513662244
2024-12-22,2024,95258.5,11.464349527852542,24.307709347853656,11.464821224253274,95303.44369064432,-0.00047169640073185803
2024-12-23,2024,95171.0,11.463430552524057,24.30140365645004,11.351302644273739,85076.20338627246,0.1121279082503186
2024-12-24,2024,98810.0,11.500954093189009,24.29190799617209,11.440026928735808,92969.51556117265,0.06092716445320079
2024-12-25,2024,98918.5,11.50205155775168,24.29190799617209,11.440026928735808,92969.51556117265,0.06202462901587147
2024-12-26,2024,95740.5,11.469396685410405,24.305216880230358,11.427790198012788,91838.80484420745,0.04160648739761719
2024-12-27,2024,94663.5,11.45808377721152,24.29717485882406,11.45327743257113,94209.60625280504,0.004806344640389426
2024-12-28,2024,95513.0,11.467017642859016,24.29717485882406,11.45327743257113,94209.60625280504,0.01374021028788519
2024-12-29,2024,93835.0,11.449293199725373,24.29717485882406,11.45327743257113,94209.60625280504,-0.003984232845757774
2024-12-30,2024,92875.5,11.43901516558565,24.285464663976143,11.407502630824162,89994.39151081647,0.03151253476148774
2024-12-31,2024,93945.5,11.450470105876486,24.285615047383178,11.413115551566671,90500.943184933,0.0373545543098146
2025-01-01,2025,95048.5,11.462142566624244,24.285615047383178,11.413115551566671,90500.943184933,0.049027015057573564
2025-01-02,2025,97038.5,11.48286308595518,24.27871675028925,11.457509909999647,94609.19130566873,0.025353175955533658
2025-01-03,2025,98344.5,11.49623189952851,24.30432898463753,11.487892940693051,97527.81912942698,0.00833895883545921
2025-01-04,2025,98505.5,11.497867663164774,24.30432898463753,11.487892940693051,97527.81912942698,0.009974722471723041
2025-01-05,2025,98655.5,11.499389262557562,24.30432898463753,11.487892940693051,97527.81912942698,0.011496321864511216
2025-01-06,2025,102105.0,11.533756974550162,24.331214480807102,11.469824020684493,95781.42203590069,0.06393295386566855
2025-01-07,2025,97091.5,11.483409111827708,24.33263390054618,11.37368619980728,87001.98381145611,0.10972291202042861
2025-01-08,2025,95182.5,11.46355138035243,24.317117321430985,11.456496598059944,94513.37123852113,0.007054782292485129
2025-01-09,2025,92573.5,11.435758202571957,24.317117321430985,11.456496598059944,94513.37123852113,-0.02073839548798695
2025-01-10,2025,94876.5,11.46033132484963,24.3130015224354,11.444640542463015,93399.43196591125,0.015690782386615254
2025-01-11,2025,94769.5,11.45920290651912,24.3130015224354,11.444640542463015,93399.43196591125,0.014562364056105892
2025-01-12,2025,94091.5,11.452022992056753,24.3130015224354,11.444640542463015,93399.43196591125,0.007382449593738016
2025-01-13,2025,94471.5,11.456053480693651,24.305127847900433,11.446083847120537,93534.33312939835,0.009969633573113867
2025-01-14,2025,96776.5,11.480159475196562,24.299273301451986,11.43975871238722,92944.58296099388,0.04040076280934102
2025-01-15,2025,99849.5,11.511419331320157,24.320186239946782,11.475241908361129,96301.76332450773,0.03617742295902815
2025-01-16,2025,99658.5,11.509504620548134,24.337200815288856,11.387361534036756,88199.93755811537,0.12214308651137706
2025-01-17,2025,104255.0,11.55459510014162,24.365698129914357,11.542510429921945,103002.69479439917,0.012084670219675075
2025-01-18,2025,104175.0,11.553827456290653,24.365698129914357,11.542510429921945,103002.69479439917,0.011317026368708127
2025-01-19,2025,101835.0,11.531109135403858,24.365698129914357,11.542510429921945,103002.69479439917,-0.011401294518087468
2025-01-20,2025,103435.0,11.546698675077149,24.365698129914357,11.542510429921945,103002.69479439917,0.004188245155203774
2025-01-21,2025,105836.94,11.569654886806264,24.38649922407676,11.525207488342046,101235.77571579798,0.04444739846421797
2025-01-22,2025,103700.15,11.549258840696805,24.39285798096545,11.516971112673712,100405.38423833565,0.032287728023092654
2025-01-23,2025,103765.5,11.549888824524597,24.397655823897498,11.540188462211443,102763.80331947003,0.009700362313154187
2025-01-24,2025,104624.53,11.558133315547517,24.410701749655615,11.545989749004224,103361.69821748938,0.012143566543292295
2025-01-25,2025,104661.75,11.55848900059665,24.410701749655615,11.545989749004224,103361.69821748938,0.012499251592425153
2025-01-26,2025,102713.55,11.53969932489621,24.410701749655615,11.545989749004224,103361.69821748938,-0.006290424108014392
2025-01-27,2025,101784.85,11.530616550805508,24.399179092045134,11.525520292493397,101267.44764000355,0.005096258312111246
2025-01-28,2025,101051.12,11.523381806392313,24.399644986786672,11.519610110532351,100670.70376719013,0.0037716958599620654
2025-01-29,2025,103465.73,11.546995725747061,24.401971210177006,11.523871058075557,101100.57152668851,0.023124667671504895
2025-01-30,2025,104597.35,11.557873495684003,24.416714834774716,11.524732296085071,101187.68068714664,0.03314119959893169
2025-01-31,2025,102375.58,11.536403486584987,24.424612254515722,11.513071533256301,100014.60789545644,0.023331953328685984
2025-02-01,2025,100716.17,11.520061641783935,24.424612254515722,11.513071533256301,100014.60789545644,0.006990108527633154
2025-02-02,2025,97604.45,11.488678365624093,24.424612254515722,11.513071533256301,100014.60789545644,-0.024393167632208446
2025-02-03,2025,101613.22,11.528928923772128,24.41880804553371,11.512730296950144,99980.48510239545,0.016198626821983808
2025-02-04,2025,98064.84,11.493384171523383,24.427233391044307,11.483030627414502,97054.7593339185,0.010353544108880897
2025-02-05,2025,96663.51,11.478991257588941,24.42886719741296,11.479695514349071,96731.6099074708,-0.0007042567601303062
2025-02-06,2025,96556.75,11.477886197375646,24.4254143662102,11.49353720307073,98079.84816253735,-0.015651005695083597
2025-02-07,2025,96411.22,11.476377863867336,24.429631512067623,11.476494640664598,96422.47925088857,-0.00011677679726140866
2025-02-08,2025,96487.9,11.477172890864233,24.429631512067623,11.476494640664598,96422.47925088857,0.0006782501996358548
2025-02-09,2025,96316.13,11.47539108116404,24.429631512067623,11.476494640664598,96422.47925088857,-0.0011035595005584042
2025-02-10,2025,97182.27,11.484343566402869,24.425044240758126,11.49353720307073,98079.84816253735,-0.009193636667861327
2025-02-11,2025,95741.98,11.469412143743723,24.423643927619878,11.484750801904882,97221.85412999472,-0.015338658161159202
2025-02-12,2025,97487.01,11.487474417340701,24.41742134816069,11.483941554098909,97143.2093836835,0.003532863241792583
2025-02-13,2025,96509.66,11.477398385943987,24.413489387358076,11.47040299623413,95836.89319404148,0.006995389709857136
2025-02-14,2025,97313.39,11.485691874327724,24.415140800040145,11.477768056266964,96545.34335231443,0.007923818060760368
2025-02-15,2025,97421.88,11.486806105059776,24.415140800040145,11.477768056266964,96545.34335231443,0.009038048792811892
2025-02-16,2025,96141.22,11.473573431194772,24.415140800040145,11.477768056266964,96545.34335231443,-0.004194625072191371
2025-02-17,2025,95760.89,11.46960963425717,24.415140800040145,11.477768056266964,96545.34335231443,-0.008158422009794108
2025-02-18,2025,95311.48,11.46490554408726,24.413626693242097,11.470706822274998,95866.01536168218,-0.0058012781877376796
2025-02-19,2025,96452.52,11.476806145519774,24.411847746798443,11.494645385070122,98188.59873135615,-0.01783923955034794
2025-02-20,2025,98205.71,11.494819639291618,24.402683166015326,11.506131188680698,99322.8752621175,-0.01131154938907919
2025-02-21,2025,96037.63,11.472495372812876,24.40109445487326,11.47578392444924,96353.97457793457,-0.003288551636364545
2025-02-22,2025,96526.65,11.47757441500343,24.40109445487326,11.47578392444924,96353.97457793457,0.001790490554189006
2025-02-23,2025,96293.93,11.475160563608535,24.40109445487326,11.47578392444924,96353.97457793457,-0.0006233608407058
2025-02-24,2025,91730.65,11.426611844491896,24.38668644748998,11.47514242353201,96292.18323658408,-0.04853057904011315
2025-02-25,2025,88671.76,11.392696741054928,24.35771022436546,11.422938211361554,91394.28346700044,-0.03024147030662583
2025-02-26,2025,83913.92,11.337546790493219,24.33750256056425,11.387361534036756,88199.93755811537,-0.04981474354353743
2025-02-27,2025,84626.51,11.346002853482267,24.33004275506297,11.364423782204023,86199.85566272378,-0.01842092872175627
2025-02-28,2025,84349.81,11.342727835452312,24.3325987102955,11.37368619980728,87001.98381145611,-0.03095836435496757
2025-03-01,2025,85789.78,11.359655164162277,24.3325987102955,11.37368619980728,87001.98381145611,-0.014031035645002632
2025-03-02,2025,94073.58,11.451832521008095,24.3325987102955,11.37368619980728,87001.98381145611,0.07814632120081555
2025-03-03,2025,86094.58,11.363201738376311,24.330588103808008,11.372077233390897,86862.11309516185,-0.00887549501458551
2025-03-04,2025,87198.96,11.375947683220444,24.32668816014973,11.41665607976075,90821.93222593606,-0.04070839654030678
2025-03-05,2025,90483.48,11.412922571588837,24.325644692692013,11.45601440672542,94467.80869572762,-0.043091835136582546
2025-03-06,2025,89770.99,11.405017150873059,24.32197711844856,11.441080195569759,93067.48885543508,-0.036063044696700075
2025-03-07,2025,86616.71,11.369248032056982,24.310715927178997,11.33641695465296,83819.16458479925,0.03283107740402258
2025-03-08,2025,86151.22,11.363859403202293,24.310715927178997,11.33641695465296,83819.16458479925,0.02744244854933342
2025-03-09,2025,80639.59,11.297744998966873,24.310715927178997,11.33641695465296,83819.16458479925,-0.038671955686085724
2025-03-10,2025,78835.02,11.275112593365975,24.300355820554227,11.327407155849032,83067.36265375883,-0.052294562483057305
2025-03-11,2025,82575.94,11.321473633784873,24.289214654209054,11.329762633706425,83263.25660852536,-0.008288999921552076
2025-03-12,2025,83591.47,11.333696760374199,24.289590576530408,11.329762633706425,83263.25660852536,0.0039341266677741515
2025-03-13,2025,81030.29,11.302578314369754,24.285529927477555,11.355656627362123,85447.4313106402,-0.05307831299236909
2025-03-14,2025,83904.25,11.337431546714662,24.28670110861844,11.33576398667826,83764.45121964088,0.001667560036402449
2025-03-15,2025,84253.48,11.341585152999535,24.28670110861844,11.33576398667826,83764.45121964088,0.005821166321275939
2025-03-16,2025,82487.58,11.320403015535122,24.28670110861844,11.33576398667826,83764.45121964088,-0.015360971143136837
2025-03-17,2025,83930.57,11.337745188427576,24.294453501240934,11.394786185488728,88857.22841086047,-0.05704099706115251
2025-03-18,2025,82662.97,11.322527017737206,24.300316680079057,11.327407155849032,83067.36265375883,-0.004880138111825971
2025-03-19,2025,86619.72,11.36928278225358,24.300646530419446,11.350949703070931,85046.18178696034,0.01833307918264815
2025-03-20,2025,84167.78,11.340567466664728,24.30526695743272,11.378835094889432,87451.10313997042,-0.03826762822470364
2025-03-21,2025,84002.83,11.33860576773413,24.307576128866422,11.350975420572219,85048.36899037454,-0.012369652838088996
2025-03-22,2025,83871.6,11.337042336939689,24.307576128866422,11.350975420572219,85048.36899037454,-0.013933083632529986
2025-03-23,2025,85668.55,11.35824105940339,24.307576128866422,11.350975420572219,85048.36899037454,0.007265638831171373
2025-03-24,2025,87208.28,11.376054559517653,24.309785823305717,11.360118063800087,85829.5012508568,0.0159364957175665
2025-03-25,2025,87347.65,11.377651411937567,24.310527761681353,11.353173954965678,85235.55644834129,0.024477456971888856
2025-03-26,2025,86776.29,11.371088706652332,24.313004282994193,11.396042489992476,88968.93029820408,-0.024953783340144753
2025-03-27,2025,87084.02,11.374628678729424,24.31525711687752,11.40400737798403,89680.3874397797,-0.029378699254605678
2025-03-28,2025,84325.32,11.342437454764038,24.312639823329217,11.324171174018396,82798.99263193773,0.018266280745642405
2025-03-29,2025,82587.05,11.321608167556837,24.312639823329217,11.324171174018396,82798.99263193773,-0.0025630064615587145
2025-03-30,2025,82270.72,11.317770551796006,24.312639823329217,11.324171174018396,82798.99263193773,-0.00640062222239024
2025-03-31,2025,82431.02,11.319717101366345,24.31067165612949,11.32676840751527,83014.3204563848,-0.0070513061489254625
2025-04-01,2025,85091.6,11.351483602286514,24.306295766968493,11.358206648220246,85665.60209455699,-0.006723045933732408
2025-04-02,2025,82460.57,11.320075518679397,24.312413349661337,11.32421556174759,82802.66797276959,-0.004140043068192156
2025-04-03,2025,83140.81,11.328290955362009,24.309652880675806,11.342923166304063,84366.28772948436,-0.014632210942053803
2025-04-04,2025,83760.47,11.335716456798972,24.307853648398638,11.348339197488956,84824.4577864662,-0.012622740689984369
2025-04-05,2025,83328.69,11.330548186623856,24.307853648398638,11.348339197488956,84824.4577864662,-0.01779101086509982
2025-04-06,2025,78111.49,11.265892444084932,24.307853648398638,11.348339197488956,84824.4577864662,-0.08244675340402452
2025-04-07,2025,79174.71,11.279412208627793,24.30481895555531,11.334151844225712,83629.51978538597,-0.054739635597918834
2025-04-08,2025,76350.32,11.243087501862618,24.295647990991604,11.388493070662825,88299.79550368614,-0.14540556880020716
2025-04-09,2025,82605.31,11.321829243157117,24.292068689691835,11.380915728225293,87633.24624121682,-0.059086485068176486
2025-04-10,2025,79661.54,11.285542188710458,24.287845442027553,11.342454190557909,84326.7312629829,-0.05691200184745071
2025-04-11,2025,83400.1,11.331404787386887,24.287817132742955,11.339551927041287,84082.34767169245,-0.008147139654399282
2025-04-12,2025,85283.81,11.353739914761938,24.287817132742955,11.339551927041287,84082.34767169245,0.014187987720651662
2025-04-13,2025,83673.63,11.334679153074262,24.287817132742955,11.339551927041287,84082.34767169245,-0.004872773967024457
2025-04-14,2025,84449.74,11.343911843486387,24.287859596369326,11.342454190557909,84326.7312629829,0.0014576529284777706
2025-04-15,2025,83655.45,11.334461856713444,24.29002002906979,11.335619169769886,83752.32158909271,-0.0011573130564421774
2025-04-16,2025,84077.66,11.339496174526065,24.28521208246405,11.365520006032563,86294.4018109202,-0.026023831506497785
2025-04-17,2025,84897.03,11.349194389355388,24.28824168788631,11.348875187729,84869.93505455393,0.00031920162638776617
2025-04-18,2025,84500.97,11.344518292569319,24.28824168788631,11.348875187729,84869.93505455393,-0.0043568951596810734
2025-04-19,2025,85160.03,11.352287471285418,24.28824168788631,11.348875187729,84869.93505455393,0.0034122835564183163
2025-04-20,2025,85019.08,11.350630980870935,24.28824168788631,11.348875187729,84869.93505455393,0.0017557931419354134
2025-04-21,2025,87401.58,11.378268639283428,24.299144551973104,11.401040194740224,89414.68368767278,-0.022771555456795767
2025-04-22,2025,93422.08,11.444882998847843,24.32502027124998,11.44740783891894,93658.2538362282,-0.0025248400710964347
2025-04-23,2025,93514.03,11.445866757495818,24.349724525893777,11.428506724637748,91904.63337421356,0.017360032858070085
2025-04-24,2025,93768.11,11.448580098510424,24.36141762614796,11.440951286788247,93055.49241208837,0.007628811722177886
2025-04-25,2025,94677.67,11.458233454115138,24.37136235827717,11.46642388528645,95456.30526610088,-0.008190431171311019
2025-04-26,2025,94602.27,11.457436750523746,24.37136235827717,11.46642388528645,95456.30526610088,-0.00898713476270352
2025-04-27,2025,93800.39,11.448924292768188,24.37136235827717,11.46642388528645,95456.30526610088,-0.017499592518261053
2025-04-28,2025,94939.51,11.460995230937577,24.38664028606861,11.47514242353201,96292.18323658408,-0.014147192594432312
2025-04-29,2025,94311.72,11.45436074509827,24.39106209418482,11.464518087071625,95274.5580516992,-0.01015734197335405
2025-04-30,2025,94260.56,11.45381814147429,24.389623570378056,11.456974782067174,94558.57682855049,-0.00315664059288423
2025-05-01,2025,96399.26,11.476253804220626,24.400368718642724,11.488788874394764,97615.23674378554,-0.012535070174138241
2025-05-02,2025,96829.08,11.480702641372792,24.417296998199948,11.472134457681493,96002.97482031639,0.00856818369129897
2025-05-03,2025,95919.83,11.471268017389567,24.417296998199948,11.472134457681493,96002.97482031639,-0.0008664402919258407
2025-05-04,2025,94502.22,11.456378605269393,24.417296998199948,11.472134457681493,96002.97482031639,-0.015755852412100424
2025-05-05,2025,94814.66,11.459679317637583,24.427824231556716,11.468388187367173,95643.9945640429,-0.008708869729590063
2025-05-06,2025,96741.81,11.479800956146125,24.425712834281885,11.49353720307073,98079.84816253735,-0.013736246924604956
2025-05-07,2025,96964.99,11.48210526450034,24.429216249567844,11.480754276698942,96834.07993021204,0.0013509878013984178
2025-05-08,2025,103074.69,11.543209150051782,24.43209741698497,11.523130259563645,101025.70410800817,0.02007889048813638
2025-05-09,2025,102923.9,11.541745159187261,24.440261305411006,11.54877091345581,103649.56421401491,-0.0070257542685485674
2025-05-10,2025,104522.93,11.557161752153995,24.440261305411006,11.54877091345581,103649.56421401491,0.008390838698185021
2025-05-11,2025,103972.61,11.551882778052141,24.440261305411006,11.54877091345581,103649.56421401491,0.00311186459633106
2025-05-12,2025,102844.21,11.540970597920365,24.44038769324683,11.544195234502629,103176.38047854482,-0.0032246365822636847
2025-05-13,2025,104162.22,11.553704770579325,24.4381638534589,11.551412631467715,103923.73912167305,0.00229213911160997
2025-05-14,2025,103502.96,11.547355490312432,24.445916084187502,11.547235800713015,103490.57251352046,0.00011968959941732749
2025-05-15,2025,103619.44,11.548480235992084,24.44868934824096,11.547718508844016,103540.54031331606,0.0007617271480686583
2025-05-16,2025,103400.5,11.546365076634716,24.45494133586061,11.545252867390786,103285.560938065,0.0011122092439297404
2025-05-17,2025,103126.14,11.543708178121335,24.45494133586061,11.545252867390786,103285.560938065,-0.0015446892694512826
2025-05-18,2025,106245.65,11.57350914477208,24.45494133586061,11.545252867390786,103285.560938065,0.02825627738129377
2025-05-19,2025,105554.15,11.566979370362375,24.470800916852234,11.566335992770698,105486.26066676121,0.0006433775916772078
2025-05-20,2025,106602.98,11.576866745295005,24.478532103055535,11.576244531319936,106536.67076746486,0.000622213975068675
2025-05-21,2025,109343.68,11.602251228366985,24.492634821970434,11.58962967326086,107972.26561438949,0.01262155510612395
2025-05-22,2025,111118.86,11.618355718196334,24.513968307138,11.595950757471236,108656.92902555648,0.022404960725097567
2025-05-23,2025,107201.63,11.582466732727122,24.518737048428918,11.590972230551222,108117.32191815773,-0.008505497824099706
2025-05-24,2025,107712.66,11.587222404982686,24.518737048428918,11.590972230551222,108117.32191815773,-0.0037498255685353143
2025-05-25,2025,108712.03,11.596457738558792,24.518737048428918,11.590972230551222,108117.32191815773,0.005485508007570417
2025-05-26,2025,109323.14,11.602063362644508,24.518737048428918,11.590972230551222,108117.32191815773,0.011091132093286049
2025-05-27,2025,108948.37,11.59862937926957,24.527360588452215,11.592193070793888,108249.39650026296,0.006436308475681329
2025-05-28,2025,107755.81,11.587622927625992,24.53695469498549,11.591662220139177,108191.94748703102,-0.004039292513185799
2025-05-29,2025,105678.84,11.568159962603035,24.529272556190676,11.581522277193253,107100.43062398462,-0.01336231459021775
2025-05-30,2025,104128.24,11.553378495431616,24.515477751603928,11.571311142244683,106012.37825263574,-0.017932646813067166
2025-05-31,2025,104660.63,11.55847829939977,24.515477751603928,11.571311142244683,106012.37825263574,-0.012832842844913372
2025-06-01,2025,105576.65,11.567192508379994,24.515477751603928,11.571311142244683,106012.37825263574,-0.004118633864688803
2025-06-02,2025,105893.5,11.57018915104664,24.509428523116284,11.564058634608834,105246.30400740406,0.006130516437805156
2025-06-03,2025,105468.67,11.566169220970234,24.51790072872621,11.575602570570288,106468.30035434278,-0.009433349600053376
2025-06-04,2025,104850.65,11.56029223564323,24.519855543922183,11.571322015159303,106013.53092243959,-0.011029779516073646
2025-06-05,2025,101711.03,11.529891032399552,24.513586636794912,11.557910942578612,104601.26691927969,-0.028019910179059693
2025-06-06,2025,104330.36,11.555317682045537,24.51250633013591,11.564058634608834,105246.30400740406,-0.0087409525632971
2025-06-07,2025,105682.73,11.568196771565047,24.51250633013591,11.564058634608834,105246.30400740406,0.00413813695621279
2025-06-08,2025,105728.22,11.568627118249568,24.51250633013591,11.564058634608834,105246.30400740406,0.004568483640733589
2025-06-09,2025,110094.18,11.609091460278155,24.521201469336788,11.571322015159303,106013.53092243959,0.03776944511885105
2025-06-10,2025,110151.25,11.609609700327697,24.53082126126532,11.600914208853034,109197.58305510982,0.008695491474663086
2025-06-11,2025,108721.96,11.59654907662426,24.534469112836604,11.591662220139177,108191.94748703102,0.004886856485082802
2025-06-12,2025,106118.32,11.572309976991798,24.536376382141864,11.591662220139177,108191.94748703102,-0.019352243147379156
2025-06-13,2025,106003.86,11.571230787525531,24.543476139261998,11.591662220139177,108191.94748703102,-0.02043143261364655
2025-06-14,2025,105500.95,11.566475236597052,24.543476139261998,11.591662220139177,108191.94748703102,-0.025186983542125674
2025-06-15,2025,105598.09,11.567395562969512,24.543476139261998,11.591662220139177,108191.94748703102,-0.02426665716966525
2025-06-16,2025,106972.04,11.580322770885836,24.552472291151624,11.591662220139177,108191.94748703102,-0.011339449253341627
2025-06-17,2025,104717.76,11.559024009980673,24.557165125592977,11.591662220139177,108191.94748703102,-0.03263821015850432
